{
    "cycles_program_begin": 2596204293355938,
    "LVLData": [
        "SIM"
    ],
    "cpu_cycles_pass2_start": 2596205393991942,
    "CurCompileModules": [
        "...MASTER...",
        "...MASTER...",
        "std",
        "std",
        "tb_fp32_adder_tree_8_inputs_softfloat",
        "tb_fp32_adder_tree_8_inputs_softfloat",
        "fp32_unpacker",
        "fp32_unpacker",
        "wallace_tree_8_inputs_0000",
        "wallace_tree_8_inputs_0000",
        "full_adder",
        "full_adder",
        "final_adder_0000",
        "final_adder_0000"
    ],
    "CompileStrategy": "fullobj",
    "perf": [
        {
            "sub": [
                {
                    "sub": [],
                    "stat": [
                        "doParsingAndDesignResolution",
                        "entry",
                        0.13860201835632324,
                        0.044887999999999997,
                        0.022027000000000001,
                        209676,
                        210476,
                        0.0,
                        0.0,
                        1750596109.5992579,
                        2596204569238635
                    ]
                },
                {
                    "sub": [],
                    "stat": [
                        "doParsingAndDesignResolution",
                        "exit",
                        0.1825859546661377,
                        0.103185,
                        0.031029000000000001,
                        310424,
                        382092,
                        0.0,
                        0.0,
                        1750596109.6432419,
                        2596204670423283
                    ]
                },
                {
                    "sub": [
                        {
                            "sub": [],
                            "stat": [
                                "doUptoVir2VcsNoSepCleanup",
                                "entry",
                                0.23520398139953613,
                                0.15576400000000001,
                                0.031029000000000001,
                                301032,
                                382092,
                                0.0,
                                0.0,
                                1750596109.6958599,
                                2596204791426436
                            ]
                        },
                        {
                            "sub": [],
                            "stat": [
                                "doUptoVir2VcsNoSepCleanup",
                                "exit",
                                0.44520401954650879,
                                0.33278999999999997,
                                0.037437999999999999,
                                312400,
                                382092,
                                0.019996,
                                0.0065079999999999999,
                                1750596109.9058599,
                                2596205274436645
                            ]
                        },
                        {
                            "sub": [],
                            "stat": [
                                "doRadify_vir2vcsAll",
                                "entry",
                                0.4452669620513916,
                                0.332847,
                                0.037444999999999999,
                                312400,
                                382092,
                                0.053355,
                                0.048294999999999998,
                                1750596109.9059229,
                                2596205274536965
                            ]
                        },
                        {
                            "sub": [],
                            "stat": [
                                "doRadify_vir2vcsAll",
                                "exit",
                                0.45507597923278809,
                                0.34263300000000002,
                                0.037444999999999999,
                                312400,
                                382092,
                                0.053355,
                                0.048294999999999998,
                                1750596109.9157319,
                                2596205297126936
                            ]
                        }
                    ],
                    "stat": [
                        "doPostDesignResolutionToVir2Vcs",
                        "entry",
                        0.18535399436950684,
                        0.105952,
                        0.031029000000000001,
                        296408,
                        382092,
                        0.0,
                        0.0,
                        1750596109.6460099,
                        2596204676769995
                    ]
                },
                {
                    "sub": [],
                    "stat": [
                        "doPostDesignResolutionToVir2Vcs",
                        "exit",
                        0.45511317253112793,
                        0.34266999999999997,
                        0.037444999999999999,
                        312400,
                        382092,
                        0.053355,
                        0.048294999999999998,
                        1750596109.9157691,
                        2596205297179165
                    ]
                },
                {
                    "sub": [
                        {
                            "sub": [],
                            "stat": [
                                "DoPass2",
                                "entry",
                                0.49715709686279297,
                                0.34553600000000001,
                                0.037467,
                                310844,
                                382092,
                                0.079138,
                                0.062301000000000002,
                                1750596109.957813,
                                2596205393980649
                            ]
                        },
                        {
                            "sub": [],
                            "stat": [
                                "DoPass2",
                                "exit",
                                0.82827496528625488,
                                0.65434199999999998,
                                0.059553000000000002,
                                313324,
                                382092,
                                0.079138,
                                0.062301000000000002,
                                1750596110.2889309,
                                2596206155465025
                            ]
                        }
                    ],
                    "stat": [
                        "doGAToPass2",
                        "entry",
                        0.45513510704040527,
                        0.342692,
                        0.037444999999999999,
                        312400,
                        382092,
                        0.053355,
                        0.048294999999999998,
                        1750596109.915791,
                        2596205297221905
                    ]
                },
                {
                    "sub": [],