{
    "Modules": {
        "...MASTER...": {
            "nMops": 0,
            "start_perf": [
                0.49733901023864746,
                0.34570099999999998,
                0.037484999999999997,
                310844,
                382092,
                1750596109.9579949,
                2596205394351064
            ],
            "child_modules": {
                "std": 1,
                "tb_fp32_adder_tree_8_inputs_softfloat": 1
            },
            "nQuads": 0,
            "end_perf": [
                0.50146102905273438,
                0.34570099999999998,
                0.041605999999999997,
                311824,
                382092,
                2596205403856320,
                0,
                0
            ],
            "nRouts": 5
        },
        "std": {
            "start_perf": [
                0.50159907341003418,
                0.34578599999999998,
                0.041660000000000003,
                311824,
                382092,
                1750596109.962255,
                2596205404144174
            ],
            "nMops": 528,
            "svclass": [
                "$vcs_nba_dyn_obj",
                576,
                35,
                2,
                2,
                0,
                "sigprop$$",
                576,
                35,
                2,
                2,
                0,
                "process",
                2380,
                200,
                8,
                8,
                0,
                "event",
                597,
                34,
                2,
                2,
                0,
                "mailbox",
                1769,
                140,
                9,
                9,
                0,
                "semaphore",
                1119,
                84,
                5,
                5,
                0
            ],
            "child_modules": {},
            "Compiled": "Yes",
            "Compiled Times": 1,
            "nQuads": 218,
            "end_perf": [
                0.51149702072143555,
                0.35566799999999998,
                0.041660000000000003,
                312792,
                382092,
                2596205426885935,
                8589934594,
                0
            ],
            "nRouts": 33
        },
        "tb_fp32_adder_tree_8_inputs_softfloat": {
            "start_perf": [
                0.51154613494873047,
                0.35571700000000001,
                0.041660000000000003,
                312792,
                382092,
                1750596109.9722021,
                2596205426972256
            ],
            "significant_routs": [
                [
                    1,
                    "R_VCSgd_t2ze2_1",
                    15273862,
                    13132,
                    1716
                ],
                [
                    18,
                    "R_VCSgd_t2ze2_12",
                    75292362,
                    48247,
                    6455
                ],
                [
                    27,
                    "R_VCSgd_t2ze2_1b",
                    8142518,
                    6170,
                    789
                ],
                [
                    30,
                    "R_VCSgd_t2ze2_1e",
                    6910470,
                    4814,
                    648
                ],
                [
                    38,
                    "R_VCSgd_t2ze2_26",
                    8741236,
                    5839,
                    650
                ],
                [
                    61,
                    "R_VCSgd_t2ze2_3d",
                    6576476,
                    4568,
                    514
                ]
            ],
            "nMops": 28721,
            "child_modules": {
                "fp32_unpacker": 8,
                "wallace_tree_8_inputs_0000": 2
            },
            "Compiled": "Yes",
            "Compiled Times": 1,
            "nQuads": 7051,
            "end_perf": [
                0.6819150447845459,
                0.51416399999999995,
                0.053473,
                313324,
                382092,
                2596205818853757,
                12884901889,
                0
            ],
            "nRouts": 545
        },
        "fp32_unpacker": {
            "nMops": 449,
            "start_perf": [
                0.68196201324462891,
                0.514208,
                0.053476999999999997,
                313324,
                382092,
                1750596110.1426179,
                2596205818924870
            ],
            "child_modules": {},
            "nRouts": 24,
            "Compiled": "Yes",
            "Compiled Times": 1,
            "nQuads": 154,
            "end_perf": [
                0.68754100799560547,
                0.51977799999999996,
                0.053476999999999997,
                313324,
                382092,
                2596205831781554,
                21474836481,
                0
            ]
        },
        "wallace_tree_8_inputs_0000": {
            "nMops": 30791,
            "start_perf": [
                0.68758201599121094,
                0.51981999999999995,
                0.053476999999999997,
                313324,
                382092,
                1750596110.1482379,
                2596205831847481
            ],
            "child_modules": {
                "final_adder_0000": 1,
                "full_adder": 186
            },
            "nRouts": 982,
            "Compiled": "Yes",
            "Compiled Times": 1,
            "nQuads": 6960,
            "end_perf": [
                0.79554915428161621,
                0.627718,
                0.053476999999999997,
                313324,
                382092,
                2596206080198684,
                30064771073,
                0
            ]
        },
        "full_adder": {
            "nMops": 250,
            "start_perf": [
                0.79559016227722168,
                0.62775899999999996,
                0.053476999999999997,
                313324,
                382092,
                1750596110.2562461,
                2596206080265973
            ],
            "child_modules": {},
            "nRouts": 12,
            "Compiled": "Yes",
            "Compiled Times": 1,
            "nQuads": 78,
            "end_perf": [
                0.79919695854187012,
                0.63136499999999995,
                0.053476999999999997,
                313324,
                382092,
                2596206088587499,
                34359738369,
                0
            ]
        },
        "final_adder_0000": {
            "start_perf": [
                0.79923510551452637,
                0.63140399999999997,
                0.053476999999999997,
                313324,
                382092,
                1750596110.259891,
                2596206088648875
            ],
            "significant_routs": [
                [
                    57,
                    "R_VCSgd_UZnJR_39",
                    8078397,
                    7296,
                    963
                ],
                [
                    72,
                    "R_VCSgd_UZnJR_48",
                    8403522,
                    7322,
                    974
                ]
            ],
            "nMops": 5563,
            "child_modules": {},
            "Compiled": "Yes",
            "Compiled Times": 1,
            "nQuads": 1972,
            "end_perf": [
                0.82596397399902344,
                0.65434199999999998,
                0.057253999999999999,
                313324,
                382092,
                2596206150152310,
                38654705665,
                0
            ],
            "nRouts": 144
        }
    },
    "reusePaths": {},