{
    "reusePaths": {},
    "Modules": {
        "...MASTER...": {
            "nRouts": 5,
            "end_perf": [
                0.25507187843322754,
                0.10227,
                0.031467000000000002,
                215344,
                225184,
                2581595503997601,
                0,
                0
            ],
            "child_modules": {
                "tb_fp16_to_fp32_multiplier": 1,
                "std": 1
            },
            "start_perf": [
                0.24651288986206055,
                0.098569000000000004,
                0.030088,
                212924,
                225184,
                1750589757.763768,
                2581595484337461
            ],
            "nQuads": 0,
            "nMops": 0
        },
        "std": {
            "nRouts": 36,
            "start_perf": [
                0.25515985488891602,
                0.102337,
                0.031488000000000002,
                215344,
                225184,
                1750589757.7724149,
                2581595504183325
            ],
            "child_modules": {},
            "end_perf": [
                0.2648780345916748,
                0.11164499999999999,
                0.031898000000000003,
                219316,
                225184,
                2581595526558209,
                8589934594,
                0
            ],
            "Compiled": "Yes",
            "Compiled Times": 18,
            "svclass": [
                "$vcs_nba_dyn_obj",
                385,
                37,
                2,
                2,
                0,
                "sigprop$$",
                385,
                37,
                2,
                2,
                0,
                "process",
                1645,
                184,
                8,
                8,
                0,
                "event",
                462,
                36,
                2,
                2,
                0,
                "mailbox",
                912,
                107,
                9,
                9,
                0,
                "semaphore",
                672,
                70,
                5,
                5,
                0
            ],
            "nQuads": 448,
            "nMops": 953
        },
        "tb_fp16_to_fp32_multiplier": {
            "nRouts": 199,
            "start_perf": [
                0.26493000984191895,
                0.11168599999999999,
                0.031910000000000001,
                219316,
                225184,
                1750589757.7821851,
                2581595526648557
            ],
            "child_modules": {},
            "end_perf": [
                0.32855987548828125,
                0.17526700000000001,
                0.031910000000000001,
                223004,
                225184,
                2581595673016607,
                17179869185,
                0
            ],
            "Compiled": "Yes",
            "Compiled Times": 19,
            "significant_routs": [
                [
                    158,
                    "R_VCSgd_Uu9in_9e",
                    3447838,
                    2188,
                    407
                ],
                [
                    159,
                    "R_VCSgd_Uu9in_9f",
                    3488763,
                    2188,
                    407
                ],
                [
                    162,
                    "R_VCSgd_Uu9in_a2",
                    2684309,
                    1974,
                    379
                ]
            ],
            "nQuads": 6342,
            "nMops": 16122
        }
    },
    "ObjArchives": [
        {
            "archive": "archive.18/_6223_archive_1.a",
            "objects": [
                [
                    "reYIK_d.o",
                    35318
                ],
                [
                    "Uu9in_d.o",
                    96684
                ],
                [
                    "amcQwB.o",
                    80392
                ]
            ],
            "size": 212394
        }
    ],
    "CompUnits": {
        "amcQw_d": {
            "mode": 4,
            "text": 434,
            "mod": "...MASTER...",
            "out": "objs/amcQw_d.o",
            "checksum": 0,
            "bytes": 7676
        },
        "reYIK_d": {
            "mode": 4,
            "text": 4799,
            "mod": "std",
            "out": "reYIK_d.o",
            "checksum": 0,
            "cls": 4461,
            "bytes": 35318,
            "archive": "archive.18/_6223_archive_1.a"
        },
        "Uu9in_d": {
            "mode": 4,
            "text": 40958,
            "mod": "tb_fp16_to_fp32_multiplier",
            "out": "Uu9in_d.o",
            "checksum": 0,
            "bytes": 96684,
            "archive": "archive.18/_6223_archive_1.a"
        }
    },
    "stat": {
        "ru_self_end": {
            "ru_stime_sec": 0.031910000000000001,
            "ru_utime_sec": 0.17918899999999999,
            "ru_maxrss_kb": 122368,
            "ru_minflt": 11054,
            "ru_nivcsw": 22,
            "ru_majflt": 0,
            "ru_nvcsw": 30
        },
        "cpu_cycles_end": 2581595681981884,
        "ru_childs_end": {
            "ru_stime_sec": 0.027973000000000001,
            "ru_utime_sec": 0.020251000000000002,
            "ru_maxrss_kb": 110812,
            "ru_minflt": 3885,
            "ru_nivcsw": 5,
            "ru_majflt": 0,
            "ru_nvcsw": 18
        },
        "peak_mem_kb": 225184
    }
}